Vendor;Product Families / Model Series;Aliases / Naming Conventions;Product Examples
Actiontec;T-series DSL gateways (T3200/T3260), GT/ C3000/ C4000 series fiber & DSL gateways, ECB MoCA adapters, WEB Wi-Fi extenders;T32xx, C3000/C4000, GT784WN, WEB7200, ECB6xxx MoCA;1. Actiontec T3200, 2. Actiontec T3260, 3. Actiontec C3000A, 4. Actiontec C4000LG, 5. Actiontec GT784WN, 6. Actiontec WEB7200, 7. Actiontec ECB6200, 8. Actiontec ECB6250
ADB;DV / VV series gateways, GPON/EPON ONTs, DOCSIS E3xx gateways, Wi-Fi extenders, IPTV STB;VVxxxx, DVxxxx, E3xx DOCSIS, ADB ONT, ADB STB;1. ADB DV2210, 2. ADB VV5522, 3. ADB E3200, 4. ADB ONT-400, 5. ADB IPW8000 STB, 6. ADB Wi-Fi Extender WE4200
Adtran;Total Access TA900/TA900e series, SDG 800/8600/8700/9000 series, NetVanta 3000/4000/6000 routers, SmartOS gateways, SDX/TA ONT series (100/300/400/600), SmartRG gateways (SR5xx/SR800), Mosaic 5G FWA CPE, carrier fiber units;TA-900, SDG <series>, NetVanta <series>, SmartOS CPE, SDX-0xx, TA-0xx, SR5xx/SR8xx, Mosaic 5G CPE, Adtran ONT/ONU;1. Adtran TA908e, 2. Adtran SDG8600, 3. Adtran NetVanta 3140, 4. Adtran SmartOS 820, 5. Adtran SDX 611 ONT, 6. Adtran SR516ac, 7. Adtran SR554n, 8. Adtran 5G Mosaic CPE, 9. Adtran TA411 ONT
Advantech;ICR series industrial routers (ICR-3xx/4xx/8xx), SmartFlex/SmartMotion, IXM gateways;ICR-3xx/4xx/8xx, SmartFlex, SmartMotion, IXM;1. Advantech ICR-3200, 2. Advantech ICR-4400, 3. Advantech ICR-8800, 4. Advantech SmartFlex SR305, 5. Advantech SmartMotion LR77, 6. Advantech IXM 3G/4G Gateway
AeroHive;HiveAP/HiveRouter series, BR routers;HiveAP <model>, BRxxx;1. Aerohive HiveAP 330, 2. Aerohive HiveAP 230, 3. Aerohive HiveAP 150, 4. Aerohive BR200, 5. Aerohive BR100
Airties;Air series mesh nodes (Air 4930/4960/4970), Extenders/Smart Wi-Fi units, ISP-branded mesh units;Air <model>, Smart WiFi Extender, ISP Mesh by Airties;1. Airties Air 4930, 2. Airties Air 4960, 3. Airties Air 4970, 4. Airties Smart Wi-Fi Extender 4920, 5. Airties Mesh 4960R
Alpha Networks;DOCSIS gateways, fiber ONTs, Wi-Fi routers (AX/AC series), OEM for ISPs;AlphaGW-xxxx, ONT <model>, AX/AC router;1. Alpha Networks AC1200 Router, 2. Alpha Networks AX1800 Router, 3. AlphaGW-4000, 4. Alpha ONT-1000, 5. Alpha DOCSIS GW3200
Altice Labs;FiberGate ONTs (FGW), GponGate series, routers GWxx, MEO-branded CPE;FGW/ONT, GponGate <model>, GWxx Altice;1. Altice FGW5000, 2. Altice FGW3000, 3. Altice GponGate 100, 4. Altice GW20, 5. MEO FiberGateway GR241AG
Arcadyan;VRV/VGV/VH series gateways, AW/AR series LTE/5G CPE, IAP Wi-Fi extenders, GPON ONT series, DSL/FTTH gateways (VRV/VGV/VH series), 4G/5G CPE (AW/AR series), extenders (IAP-xxxx), OEM SKUs;VRV/VGV/VH-xxxx, AW/AR 4G/5G CPE, Arcadyan IAP, Arcadyan ONT, IAP-xxxx extender, Arcadyan OEM ISP SKU;1. Arcadyan VRV9517, 2. Arcadyan VGV7519, 3. Arcadyan VH5152, 4. Arcadyan AW1000 5G CPE, 5. Arcadyan AR7516, 6. Arcadyan IAP-4300, 7. Arcadyan ONT-G1000
Arris/Comcast OEM Lines;TG/TS/CM DOCSIS gateways, Xfinity xFi XB6/XB7/XB8/XB9 (OEM: Technicolor, Arcadyan, CommScope);XB6/XB7/XB8/XB9, TGxxxx/TMxxxx, ISP OEM SKUs;1. Arris TG1682G, 2. Arris TG2482A, 3. Xfinity XB6, 4. Xfinity XB7, 5. Xfinity XB8, 6. Xfinity XB9
Askey;RTV/RTF/RTG DOCSIS/GPON gateways, RAC2V series (ISP custom), Mesh Wi-Fi units (Airties-powered), 5G/LTE CPE;RTV/RTF/RTG, RAC2V1K/2K/3K, Askey Mesh, Askey 5G CPE;1. Askey RTV1907, 2. Askey RTF3505, 3. Askey RTG3000, 4. Askey RAC2V1K, 5. Askey Mesh Node 2020, 6. Askey 5G CPE WWH700
Asotel;GPON/EPON ONTs, Wi-Fi gateways (AX/AC lines), ISP-custom CPE;GPON ONT <model>, AX/AC GW, ISP OEM Asotel;1. Asotel ONT-GP100, 2. Asotel ONT-EP200, 3. Asotel AX1800 Gateway, 4. Asotel AC1200 Gateway, 5. Asotel ISP-CPE 500
ASUS / Askey;ASUS RT/GT/TUF gaming routers, ASUS 4G/5G routers (4G-AC68U, 5G-AC/AX), Askey 5G FWA gateways, RAC2V1K/RT series ISP CPE;RT-AC/AX/BE, GT-ROG series, TUF-Gaming routers, ASUS 4G/5G router, Askey 5G CPE, RAC2V1K;1. ASUS RT-AX88U, 2. ASUS RT-AC68U, 3. ASUS GT-AX11000, 4. ASUS TUF-AX5400, 5. ASUS 4G-AC68U, 6. ASUS 5G-AC53U, 7. Askey 5G CPE WWH700, 8. Askey RAC2V1K
AT&T OEM;BGW210/BGW320 gateways, Pace 5268, Humax/Arris/Arcadyan OEM Wi-Fi 6/6E;BGW210/320, Pace 5268, AT&T OEM <model>;1. BGW210-700, 2. BGW320-500, 3. Pace 5268AC, 4. Humax BGW320 variant, 5. Arris Wi-Fi 6E OEM Gateway
AVM;FRITZ!Box cable/DSL/fiber routers (75xx, 66xx, 56xx, 55xx series), FRITZ!Repeater line, FRITZ!WLAN, FRITZ!Fon;FRITZ!Box <model>, FRITZ!Repeater <model>, FRITZ!WLAN, FRITZ!Fon;1. FRITZ!Box 7590 AX, 2. FRITZ!Box 7530, 3. FRITZ!Box 6690 Cable, 4. FRITZ!Box 5590 Fiber, 5. FRITZ!Repeater 3000 AX, 6. FRITZ!Repeater 1200 AX, 7. FRITZ!Fon C6
BEC / Billion Electric;RidgeWave 4G/5G CPE series (6200/6800/8700), BEC MX series, LTE outdoor CPE, G.fast/VDSL gateways;RidgeWave <model>, MX-series, BEC 4G/5G outdoor CPE, Billion <model>;1. BEC RidgeWave 6200, 2. BEC RidgeWave 6800, 3. BEC RidgeWave 8700, 4. BEC MX-240e, 5. BEC MX-600, 6. BEC 8200A (LTE outdoor CPE), 7. Billion BiPAC 8900AX-2400, 8. Billion BiPAC 8700AXL, 9. Billion BiPAC 8206AZ, 10. BEC 8300RU (G.fast/VDSL gateway)
BT (UK) OEM;SmartHub 2/3/Plus, BT Mesh Discs (Airties/Alcatel/Nokia OEM);SmartHub 2/3/Plus, BT Discs;1. BT Smart Hub 2, 2. BT Smart Hub 3 (Plus variant), 3. BT Smart Hub Plus, 4. BT Whole Home Wi-Fi Disc (Airties OEM), 5. BT Mini Whole Home Disc, 6. Airties 4921 (BT-branded Disc), 7. Nokia Beacon 1 (BT OEM variant), 8. Alcatel-Lucent mesh node used in BT OEM bundles
Cambium Networks;PMP 450 subscriber modules, ePMP subscriber CPE (Force 180/200/300), cnHeat FWA equipment, 5G cnRanger, cnPilot routers, cnRanger LTE CPE, cnWave 60GHz CPE, ePMP Force CPE series, XV Wi-Fi, cnMatrix edge, 450/450b subscriber modules;PMP450, Force 180/200/300, cnRanger 5G, cnPilot R, cnRanger CPE, Force 300/400, 450b, cnWave CPE, XV Wi-Fi;1. Cambium PMP 450b, 2. Cambium PMP 450i, 3. Cambium ePMP Force 180, 4. Cambium ePMP Force 200, 5. Cambium ePMP Force 300-16, 6. Cambium ePMP Force 400C, 7. Cambium cnPilot R190W, 8. Cambium cnPilot R200, 9. Cambium cnRanger 5G Subscriber Unit, 10. Cambium cnWave V5000, 11. Cambium cnWave V3000, 12. Cambium XV2-2 Wi-Fi AP, 13. Cambium cnMatrix EX1028
CBN;FTTH gateways, ONTs, DOCSIS/Cable CPE for China MSOs;CBN ONT, CBN Cable Modem;1. CBN G-97A FTTH ONT, 2. CBN G-98E GPON ONT, 3. CBN EH862 DOCSIS modem, 4. CBN EH881 cable gateway, 5. CBN HGU G-97B
Cisco;ISR 800/900/1000/4000 series, Meraki MX series, Meraki Z series, Catalyst IR/CG industrial routers, SMB RV series;ISR <series>, Cisco ISR gateway, Meraki MX/Z, CG/IR industrial router, RV-series SMB router;1. Cisco ISR 1111, 2. Cisco ISR 4451-X, 3. Cisco Meraki MX68, 4. Cisco Meraki MX95, 5. Cisco Meraki Z3, 6. Cisco Catalyst IR1101, 7. Cisco Catalyst CG1100, 8. Cisco RV340, 9. Cisco RV260W
CommScope / ARRIS;TG series, DG series, NVG series, MG series, Touchstone series, SURFboard SB series, SURFboard SBG series, VAP series (video AP), VIP series (IP STB), DCX series (STB), CM/MTA lines;ARRIS gateway, ARRIS TGxxxx, SB/SBGxxxx, Touchstone modem, CommScope RG, VIP/DCX set-top;1. ARRIS TG1682G, 2. ARRIS TG2482A, 3. Arris NVG468MQ, 4. Arris NVG589, 5. SURFboard SB8200, 6. SURFboard SBG8300, 7. ARRIS MG5220, 8. ARRIS VIP5662W, 9. ARRIS DCX525e, 10. ARRIS TM3402
Compal Broadband;DOCSIS CPE for Comcast/Liberty/Europe MSOs, FTTH ONTs, Wi-Fi 6/6E OEM gateways, CH/CB series DOCSIS gateways (CH7465/CBL), FTTH gateways, Wi-Fi routers;CH/CB/CG series, GPON OEM, Wi-Fi 6 OEM GW, CH/CB-xxxx, Compal FTTH, Compal Wi-Fi6 GW;1. Compal CH7465LG, 2. Compal CH7465VF, 3. Compal CV8085, 4. Compal CBV704, 5. Compal GPON HG2000, 6. Compal Wi-Fi 6 Router WR1201, 7. Compal CGA4131
Comtrend;VR/GR/GP series GPON/xDSL gateways, WAP Wi-Fi AP series, NL/NVR routers, 4G/5G CPE;VR-xxxx, GR/GP-xxxx, WAP-xxxx, NL-xxxx, Comtrend LTE/5G;1. Comtrend VR-3031u, 2. Comtrend GRG-4280, 3. Comtrend GP-1200, 4. Comtrend WAP-5941, 5. Comtrend WAP-5831, 6. Comtrend NL-3120, 7. Comtrend NVR-900, 8. Comtrend 5G CX8120
Cradlepoint;IBR series (IBR600/IBR900), E300/E3000 enterprise gateways, R1900/R2100 5G, W-series 5G outdoor units;IBR600/IBR900/IBR1700, E300/E3000, R1900/R2100, W1850/W2005;1. Cradlepoint IBR600C, 2. Cradlepoint IBR900, 3. Cradlepoint IBR1700, 4. Cradlepoint E300, 5. Cradlepoint E3000, 6. Cradlepoint R1900, 7. Cradlepoint R2100, 8. Cradlepoint W1850, 9. Cradlepoint W2005
Cudy;AX/AC routers, LT/LT-id series LTE/5G CPE, mesh systems;AX/AC <model>, LT500/ LT700, Cudy Mesh;1. Cudy AX3000 (WR3000), 2. Cudy AX1800 (WR1800), 3. Cudy AC1200 (WR1200), 4. Cudy LT500 LTE CPE, 5. Cudy LT700 4G CPE, 6. Cudy Mesh X6, 7. Cudy Mesh M1800
D-Link;DIR routers, EXO routers (DIR-Xxxxx), DWR LTE/5G routers, Covr mesh series, DSL-xxx modem/gateways, DAP AP/extenders, DIR/DSL series Wi-Fi routers, DWR 4G/5G CPE, COVR mesh series, DSL-G xDSL gateways;DIR-xxxx, EXO, DWR-xxxx LTE router, Covr <model>, DSL-xxxx, DAP-xxxx extender, DWR-xxxx LTE/5G, COVR <model>;1. D-Link DIR-878, 2. D-Link DIR-X5460, 3. D-Link EXO AX5400 (DIR-X5400), 4. D-Link DWR-932C, 5. D-Link DWR-2101 5G, 6. D-Link COVR-1102, 7. D-Link COVR-X1872, 8. D-Link DSL-2750U, 9. D-Link DSL-G225, 10. D-Link DAP-1610, 11. D-Link DAP-1530
Datacom;DM/DF/ONU series, xDSL & GPON gateways;DMxxxx, DFxxxx, Datacom ONT;1. Datacom DM991, 2. Datacom DM4270 GPON, 3. Datacom DM4160 VDSL2, 4. Datacom DF1202, 5. Datacom DF1204, 6. Datacom ONU 1101 GPON, 7. Datacom ONU 1102
Digi International;Digi EX/IX industrial routers, Digi Connect series, TX54/TX64 5G, WR/WR54 LTE routers;EX/IX <model>, Connect <model>, TX54/TX64, WR54/WR31;1. Digi EX12, 2. Digi EX50 5G, 3. Digi IX20, 4. Digi IX10, 5. Digi Connect EZ Mini, 6. Digi Connect IT 4, 7. Digi TX54 5G, 8. Digi TX64 5G, 9. Digi WR54, 10. Digi WR31
Digisol;DG series routers, GPON ONT/ONU, mesh systems;DG-xxxx, Digisol ONT, Digisol Mesh;1. Digisol DG-GR1321, 2. Digisol DG-VG4300N, 3. Digisol DG-BR5411QAC, 4. Digisol DG-HP3400ML mesh node, 5. Digisol DG-GR1310 ONT, 6. Digisol DG-GR6821 GPON
DrayTek;Vigor routers (Vigor 2xxx/27xx/28xx/29xx), LTE CPE (VigorLTE), mesh (AP9xx), VPN gateways;Vigor <series>, VigorLTE, AP9xx, VigorPro;1. DrayTek Vigor 2927, 2. DrayTek Vigor 2866, 3. DrayTek Vigor 2765, 4. DrayTek VigorLTE 200n, 5. DrayTek VigorLTE 330, 6. DrayTek VigorAP 903, 7. DrayTek VigorAP 920R, 8. DrayTek VigorPro 5510
EE / UK 5GEE CPE;5G CPE branded for EE / BT, often from Nokia, Sagemcom, Arcadyan;“5GEE <model>”, “EE 5G Home CPE”;1. EE 5GEE Router 2021 (Arcadyan FXC5), 2. EE 5GEE Home Router 2024 (Sagemcom Fast 5688W), 3. EE 5GEE WiFi Router (Nokia FastMile 5G Gateway 3), 4. EE 5G CPE Pro 2 (Huawei H122-373), 5. EE 5G Indoor Router (Sagemcom Fast 5688W-T)
EnGenius;ESR/EWS Wi-Fi routers, Fit series, outdoor CPE (ENH/ENS), LTE CPE;“ENH/ENS”, “Fit <model>”, “ESRxxx”, “EnGenius LTE CPE”;1. EnGenius ENH500v3, 2. EnGenius ENS500-AC, 3. EnGenius Fit6 4x4 (EWS377-FIT), 4. EnGenius ESR580, 5. EnGenius EPG5000, 6. EnGenius ELT300 LTE Router, 7. EnGenius ENH1350EXT
Enterprise-lite CPE (mesh / SMB);Zyxel Nebula mesh (NWA/NWAxx), EnGenius Fit, Cambium XV Gateway;“NWA/NWAxx Nebula”, “Fit <model>”, “XV Gateway”;1. Zyxel NWA90AX, 2. Zyxel NWA50AX Pro, 3. Zyxel NWA1123-ACv3, 4. EnGenius Fit6 2x2 (EWS357-FIT), 5. EnGenius EWS377-FIT, 6. Cambium XV2-2 Wi-Fi 6 AP, 7. Cambium XV3-8
Ericsson;5G FWA indoor units (NIU), 5G outdoor units (ODU), ER series enterprise routers, W-series fixed wireless terminals;“NIU <model>”, “ODU <model>”, “Ericsson FWA CPE”, “W-series fixed wireless terminal”;1. Ericsson NIU 5124, 2. Ericsson NIU 5224, 3. Ericsson ODU 5488, 4. Ericsson ER6000 Router, 5. Ericsson ER6120, 6. Ericsson W30 Terminal, 7. Ericsson W35 Fixed Wireless Terminal
FAST;FAST smart routers (AC/AX series), 5G CPE, IPTV CPE;“FAST <model>”, “5G FAST CPE”;1. FAST FW300R, 2. FAST FW326R, 3. FAST AC1200 Dual-Band Router, 4. FAST AX1800 Wi-Fi 6 Router, 5. FAST FB500 IPTV Set-Top Box, 6. FAST F5G01 5G CPE, 7. FAST FW6000 Series Router
FiberHome;AN/HS series ONT/ONU, HG6xx/HG8xx gateway series, FH/LTE CPE, 5G FWA CPE models, AN/AG ONU/ONT series (AN5506/AN6000), wireless gateways, 4G/5G CPE;“HG6xx/HG8xx”, “FiberHome ONT/ONU”, “FH-LTE CPE”, “FiberHome 5G FWA CPE”, “AN5506/AN6000”, “FiberHome Wi-Fi GW”, “FiberHome 5G CPE”;1. FiberHome AN5506-04, 2. FiberHome AN5506-02-B, 3. FiberHome AN6000-1A, 4. FiberHome HG6543C, 5. FiberHome HG680, 6. FiberHome HG8245H, 7. FiberHome FH-LTE CPE B612, 8. FiberHome 5G CPE FG360, 9. FiberHome Wi-Fi Gateway HG3xx Series
Four-Faith;F3x industrial router series, F8x IoT gateways, LTE CPE FWR/FWR7xx series, 5G CPE FG/FWG series;“F3x”, “F8x gateway”, “FWRxx LTE CPE”, “FG/FWG 5G CPE”;1. Four-Faith F3X14 Industrial Router, 2. Four-Faith F3824 Router, 3. Four-Faith F8X24 IoT Gateway, 4. Four-Faith FWR710 LTE CPE, 5. Four-Faith FWR730 LTE Router, 6. Four-Faith FG700 5G CPE, 7. Four-Faith FWG100 5G Gateway
Gemtek;LTE/5G indoor CPE, outdoor FWA units, GPON ONT/ONU;Gemtek LTE CPE, Gemtek 5G CPE, Gemtek ONT;1. Gemtek WNCG-530 5G NR Outdoor CPE, 2. Gemtek G5N535 5G Indoor CPE, 3. Gemtek G3SP371 LTE CPE, 4. Gemtek WLTGG-111 LTE Gateway, 5. Gemtek GON-121 GPON ONT
Genexis;Fiber ONTs (Pulse/Platinum/Titan), residential gateways (Pure/City series), Wi-Fi 6 CPE;Pulse/Platinum/Titan, Pure/City;1. Genexis Pulse EX600 ONT, 2. Genexis Pulse EX400 ONT, 3. Genexis Platinum 7840 ONT, 4. Genexis Titan V2 ONT, 5. Genexis Pure ED500 Gateway, 6. Genexis City 2 Router, 7. Genexis Pure Fiber XG Gateway
Greenwave Systems;C4000/C6000 gateways (various ISP SKUs), Extenders AX/AC series, IoT-enabled gateways, GPON units;C4000LG/LZ/XG, AX/AC extender, ISP-specific GW, Greenwave ONT;1. Greenwave C4000LG (CenturyLink), 2. Greenwave C4000XG, 3. Greenwave C6000XG, 4. Greenwave AC1300 Extender, 5. Greenwave AX1800 Extender, 6. Greenwave GPON ONT G010, 7. Greenwave IoT Gateway G1100
HiLink;HiLink-branded routers on both Wi-Fi and LTE, CPE for Honor-branded ISPs, HiLink mesh;“HiLink Router <model>”, “HiLink CPE”;1. HiLink B535, 2. HiLink H312, 3. HiLink AX3 Mesh, 4. HiLink WS5200, 5. HiLink B818
Hitachi-Cable;DOCSIS cable modems, fiber ONTs, operator OEM gateways;“DOCSIS HM-xxxx”, “Hitachi ONT”, “OEM ISP Gateway”;1. Hitachi HM120, 2. Hitachi HM310, 3. Hitachi ONT HG1000, 4. Hitachi ONT HG2000, 5. Hitachi OEM Gateway M300
Hitron;CODA DOCSIS gateways, CGN/CGNM cable gateways, HT-EMTA lines, HIT/MOD series modems, LTE/5G CPE series, CGN3/CGNM/CGN series, HTN fiber gateways, 4G/5G FWA units, MoCA bridges;“CODA-xxxx”, “CGN/CGNM-xxxx”, “Hitron EMTA”, “Hitron 5G/LTE CPE”, “Hitron DOCSIS gateway”, “CGN3/CGNM/CGN”, “HTN-Fiber”, “Hitron 5G CPE”, “MoCA-xxxx”;1. Hitron CODA-4582, 2. Hitron CODA-56, 3. Hitron CGN3, 4. Hitron CGNM-3550, 5. Hitron HT-EMTA, 6. Hitron HTN-F30, 7. Hitron 5G CPE ODIN, 8. Hitron MoCA 2.5 Bridge HT-EMN2
HiWiFi;Newifi 3/4 series Wi-Fi routers, custom OpenWRT OEM;“Newifi 3/4”, “HiWiFi <model>”;1. Newifi 3 D2, 2. Newifi 4, 3. HiWiFi HC5962, 4. HiWiFi B70, 5. HiWiFi HC5661
Huawei;EchoLife HG/HS/EG series gateways, HN/HA series ONT, CPE Pro/Pro 2 (H112/H122), 5G CPE Win/Win2, B-series LTE CPE, B3xx/B5xx series LTE, H180/H190 5G indoor, EchoLife ONT: HG8xx/HG9xx/HS8xx/HS8xxx, OptiXstar ONT/HN8xx/HN82xx/HN85xx, Wi-Fi 6 ONT: OptiXstar HN8546/HN8245Q/HN8145V;“EchoLife HG/HS/EG”, “HN/HA ONT”, “CPE Pro”, “H112/H122”, “5G CPE Win/Win2”, “B3xx/B5xx LTE CPE”, “H112/H122”, “Win/Win2”, “B535/B818”, “H18x/H19x”, “HG8xx/HG9xx”, “HS8xx/HS86xx”, “HN82xx/HN85xx”, “OptiXstar <model>”, “Q/V family Wi-Fi 6 ONT”;1. Huawei EchoLife HG8245H, 2. Huawei EchoLife HG8546M, 3. Huawei OptiXstar HN8245Q, 4. Huawei OptiXstar HN8145V, 5. Huawei CPE Pro H112-370, 6. Huawei CPE Pro 2 H122-373, 7. Huawei B525, 8. Huawei B535, 9. Huawei B818-263, 10. Huawei 5G CPE Win, 11. Huawei H180 5G Indoor
Humax;HG series gateways, HGB/HGD series broadband gateways, LTE/5G CPE series, Quantum set-top boxes, Hx/STB lines, GPON & DOCSIS gateways, Wi-Fi 6/6E gateways, LTE/5G CPE, STB units;“Humax HGxxxx”, “Humax broadband gateway”, “Humax LTE/5G CPE”, “Quantum STB”, “HGB/HSB”, “Humax 5G CPE”, “DOCSIS Humax”;1. Humax HG100R, 2. Humax HGB10R, 3. Humax HGD310, 4. Humax 5G CPE HM-G5, 5. Humax Quantum Q5, 6. Humax DOCSIS D3.0 GW100, 7. Humax Wi-Fi 6E Gateway AX6000
iBall Baton;iB-WRA routers, FTTH ONT OEM, 4G CPE;“iB-WRAxxx”, “iBall ONT”;1. iBall Baton iB-WRA300N, 2. iBall Baton iB-WRA150N, 3. iBall Baton iB-WRA150NE, 4. iBall iB-LR6111A FTTH ONT, 5. iBall iB-LR7011A ONT, 6. iBall i4G LTE Router iB-4G102, 7. iBall iB-4G100 4G CPE
InHand Networks;IR series industrial routers (IR302/IR305/IR6xx), IG intelligent gateways, ER enterprise routers, InRouter cellular series;“InRouter <model>”, “IR3xx/IR6xx”, “IG Gateway”, “ER Gateway”;1. InHand InRouter IR302, 2. InHand InRouter IR305, 3. InHand InRouter IR615, 4. InHand InRouter IR611, 5. InHand IG502 Gateway, 6. InHand IG902 Industrial Gateway, 7. InHand ER805 Enterprise Router, 8. InHand ER3210 Enterprise Gateway
Inseego;FX2000/FX3100/FX2000e 5G CPE, Wavemaker FG/Wavemaker series, MiFi mobile hotspot series (MiFi 8000/8800/Pro), S-series enterprise gateways;“FXxxxx”, “Wavemaker FG”, “MiFi <model>”, “S2000/S4100 enterprise gateway”;1. Inseego Wavemaker FX2000, 2. Inseego Wavemaker FX3100, 3. Inseego FX2000e, 4. Inseego Wavemaker FG2000, 5. Inseego Wavemaker FG1000, 6. Inseego MiFi 8000, 7. Inseego MiFi 8800L, 8. Inseego MiFi X PRO 5G, 9. Inseego S2000 Enterprise Gateway, 10. Inseego S4100 Enterprise Gateway
Intelbras;WiFiber OLT/ONT, Action RG series routers, Twibi mesh series;“WiFiber <model>”, “Action RG <model>”, “Twibi Mesh”;1. Intelbras WiFiber 1200 ONT, 2. Intelbras WiFiber 301 ONT, 3. Intelbras WiFiber 480 OLT, 4. Intelbras Action RG 1200, 5. Intelbras Action RG 1350, 6. Intelbras Action RG 3310, 7. Intelbras Twibi Giga, 8. Intelbras Twibi Fast, 9. Intelbras Twibi Force AX
Kaon Media;CG series gateways, RG series residential gateways, KSTB/KSTB-2 STB lines, KHG home gateways, GPON/10G-PON ONTs, CG/CGN DOCSIS series, KSG fiber gateways, Kaon Mesh Wi-Fi, STB: KSTB/KC/KD series;CG/RG-xxxx, KSTB/KSTB2, KHG-xxxx, Kaon ONT/ONU, RG-xxxx, CG/CGN-xxxx, KSG-xxxx, Kaon Mesh, KSTB/KC/KD <model>;1. Kaon CG3000 DOCSIS Gateway, 2. Kaon CG3002 DOCSIS 3.1 Gateway, 3. Kaon RG2400 Residential Gateway, 4. Kaon RG4400 Wi-Fi 6 Residential Gateway, 5. Kaon KHG-2000 Home Gateway, 6. Kaon KSTB-2020 Android TV STB, 7. Kaon KSTB-6020 UHD Set-Top Box, 8. Kaon KC-5010 Android STB, 9. Kaon KD-4300 IPTV STB, 10. Kaon KSG-5000 Fiber Gateway, 11. Kaon ONT-3100 GPON ONT, 12. Kaon ONT-3500 10G-PON ONT, 13. Kaon Mesh KMH100 Wi-Fi Mesh Node
KuWFi;LTE/5G CPE, outdoor Wi-Fi CPE (CPE450/CPE600), travel routers;CPE450/600, KuWFi 4G/5G CPE, Wi-Fi Extender <model>;1. KuWFi CPE450 Outdoor CPE, 2. KuWFi CPE600 Outdoor CPE, 3. KuWFi 4G LTE CPE R312, 4. KuWFi 5G CPE AX15, 5. KuWFi 4G LTE Router B28, 6. KuWFi Travel Router M4, 7. KuWFi Travel Router LteM1, 8. KuWFi Wi-Fi Extender WF850, 9. KuWFi CPE800 Long‑Range Outdoor CPE
Latin-America ISP Hardware OEM;Local OEM gateways, ONTs, FWA units (Latin-OEM lines via Compal, Arcadyan, MitraStar);“LATAM GW <model>”, “Latam ONT”, “Latam 4G CPE”;1. Arcadyan VRV9517, 2. Arcadyan LH1000, 3. Compal CH7465LG, 4. Compal CGM4140COM, 5. Compal CH7465VF, 6. MitraStar GPT-2541GNAC, 7. MitraStar GPT-2741GNAC, 8. MitraStar DSL-100HN-T1
Linksys;EA/AX series routers, Velop mesh series, MR/ Hydra Pro Wi-Fi 6/6E series, MX/MR Velop nodes;“EAxxxx”, “AXxxxx”, “Velop <model>”, “MR/ Hydra Pro”;1. Linksys EA9300, 2. Linksys EA9500, 3. Linksys AX4200, 4. Linksys Hydra Pro 6E (MR7500), 5. Linksys MR7350, 6. Linksys Velop WHW0303, 7. Linksys Velop MX4200, 8. Linksys Velop MX5300, 9. Linksys Velop MX8502
Longsung;LTE/5G CPE (UFi/UFE series), industrial routers (Mxx series), USB data terminals;“UFi/UFE”, “Mxxx industrial router”;1. LongSung UFI001, 2. LongSung UFI003, 3. LongSung UFE100, 4. LongSung M60 industrial router, 5. LongSung M36 industrial router, 6. LongSung USB Data Terminal DTU100, 7. LongSung USB Data Terminal DTU120
Mercury;AC/AX Wi-Fi routers (MRxx), LTE CPE (MW / MF series), mesh nodes (MS);MR-xxxx, MW-xxxx, MF-xxxx, MS Mesh;1. Mercury MR70X, 2. Mercury MR30G, 3. Mercury MW325R, 4. Mercury MF283C, 5. Mercury MF286, 6. Mercury MS30 Mesh Node, 7. Mercury MS60 Mesh System
MikroTik;RouterBOARD (RB series), hAP series (hAP ac/hAP ax), Audience mesh, Chateau 4G/5G CPE, LHG outdoor CPE, SXT/DiscLite;RBxxxx, hAP <model>, Audience, Chateau LTE/5G, LHG-LTE/LHG-5G, SXT/DiscLite;1. MikroTik RB4011iGS+, 2. MikroTik RB3011UiAS-RM, 3. MikroTik hAP ac3, 4. MikroTik hAP ax3, 5. MikroTik Audience Tri-band, 6. MikroTik Chateau 5G, 7. MikroTik LHG LTE6 kit, 8. MikroTik LHG 5 ac, 9. MikroTik SXT LTE6, 10. MikroTik Disc Lite5
Milesight;UR industrial 4G/5G routers (UR32/UR41/UR75), UG edge gateways, CPE/Wi-Fi series, cellular 5G CPE;UR32/UR41/UR75, UG Edge Gateway, Milesight 5G CPE;1. Milesight UR32, 2. Milesight UR41, 3. Milesight UR75 5G, 4. Milesight UG65 Edge Gateway, 5. Milesight UG56, 6. Milesight 5G CPE FG360, 7. Milesight CPE WG202
MitraStar;GPT/GPR/GRV GPON/10G-PON gateways, DSL-xxxx series, WLAN gateway series, LTE/5G CPE, DSL/fiber gateways (GPT/PDG/HT/VR series), DOCSIS GW, MESH APs (EMG/MG series);GPT-xxxx, GPR-xxxx, GRV-xxxx, DSL-xxxx, MitraStar 5G CPE, PDG-xxxx, HT-xxxx, EMG/MG-xxxx, MitraStar DOCSIS;1. MitraStar GPT-2541GNAC, 2. MitraStar GPT-2541GN, 3. MitraStar GPR-3000, 4. MitraStar GRV-5310, 5. MitraStar DSL-100HN-T1, 6. MitraStar PDG-F3100, 7. MitraStar HT-5300, 8. MitraStar EMG3525-T50B (Zyxel-branded but MitraStar OEM), 9. MitraStar MG-1050 Mesh AP, 10. MitraStar DOCSIS DCM476
Motorola;MB/MG cable modems & gateways, MH Wi-Fi mesh, 4G/5G CPE;MBxxxx, MGxxxx, MHxxxx, Motorola 5G CPE;1. Motorola MB8600, 2. Motorola MB7621, 3. Motorola MG8702, 4. Motorola MG7540, 5. Motorola MH7023 Mesh, 6. Motorola MH7022 Mesh, 7. Motorola 5G CPE N536
MultiTech;MultiConnect rCell (MTR), MultiConnect eCell, MultiConnect FX, industrial modems/routers;MTR <model>, eCell <model>, FXxxxx, MultiConnect <family>;1. MultiTech MultiConnect rCell MTR-LNA7, 2. MultiTech MultiConnect rCell MTR-LAP3, 3. MultiTech MultiConnect eCell MTE-L4E1, 4. MultiTech MultiConnect FX600, 5. MultiTech MultiConnect FX200, 6. MultiTech Conduit MTCDT-L4N1, 7. MultiTech MultiConnect Cell MTCM2-L4G1
NetComm Wireless;NF/NL series fixed wireless CPE, 4G/5G ODU/IDU, NTC industrial routers;“NFxx”, “NLxx”, “NTC-xxxx”, “IDU/ODU <model>”;1. NetComm NF18ACV, 2. NetComm NF18MESH, 3. NetComm NL1901ACV, 4. NetComm NTC-402, 5. NetComm NTC-140W, 6. NetComm NTC-40WV, 7. NetComm NTC-300A
Netgear;Nighthawk routers (R/AX series), Orbi mesh (RBK/RBKx series), LAX/LM/LBR 4G/5G CPE, DOCSIS CM/CB series, Nighthawk R/RS/AX/BE series, Nighthawk M (mobile hotspot) series, Orbi RBK/RBR/RBS series, CM/CAX cable modem series, LBR cellular gateway, Insight BR/SR gateways;“Nighthawk R/AX <model>”, “Orbi RBK/RBE <model>”, “LAX20/LBR20”, “CM/CB-xxxx”, “Nighthawk <model>”, “AX/BE”, “Nighthawk M5/M6/M7”, “Orbi <model>”, “RBK/RBR/RBS”, “CAX/CMxxxx”, “LBR-20”, “Insight gateway”;1. Netgear R7000, 2. Netgear R8000, 3. Netgear RAXE500, 4. Netgear Orbi RBK753, 5. Netgear Orbi RBE973, 6. Netgear LAX20, 7. Netgear LBR20, 8. Netgear Nighthawk M5 (MR5200), 9. Netgear Nighthawk M6 (MR6150), 10. Netgear CM2000, 11. Netgear CAX80, 12. Netgear BR500
Netis;WF series routers (WF2xx/WF24xx/WF28xx), DL series DSL gateways, MW mesh series, 4G/5G LTE routers;“WF2xx/WF24xx/WF28xx”, “DL-xxxx”, “MW3/MW12”, “Netis LTE/5G CPE”;1. Netis WF2419E, 2. Netis WF2780, 3. Netis WF2409E, 4. Netis DL4323, 5. Netis DL4480V, 6. Netis MW3, 7. Netis MW12, 8. Netis MW5230 (4G LTE router)
Nexxt Solutions;Nyx/Wi-Fi routers, Nebula mesh, 4G CPE;“Nyx <model>”, “Nebula Mesh”, “Nexxt 4G CPE”;1. Nexxt Nyx1200-AC, 2. Nexxt Nyx300, 3. Nexxt Nebula1200, 4. Nexxt Nebula300 Plus, 5. Nexxt NHP-4G01 (4G CPE)
Nokia;ONT/ONU series (G-010/G-240, XS-010/XS-020), Beacon Wi-Fi mesh series, FastMile 4G/5G CPE/gateways, Home Gateway 7xx series, XS-0xx/XG-0xx ONTs, G-010/G-240/G-2xx legacy ONTs, 7368 ISAM ONT family, Beacon G6/G7 Wi-Fi, FastMile 4G/5G indoor & outdoor;“G-010/G-240”, “XS-01x”, “FastMile 4G/5G”, “Beacon <model>”, “HGW 7xx”, “XS-010/020”, “XG-0xx”, “G-010/G-240/G-2xx”, “7368 ONT”, “Beacon G6/G7”, “FastMile <model>”;1. Nokia G-010G-P, 2. Nokia G-240G-E, 3. Nokia G-240W-F, 4. Nokia XS-010X-Q, 5. Nokia XS-020X-A, 6. Nokia XG-010G, 7. Nokia 7368 ISAM ONT G-240W-F, 8. Nokia Beacon 1, 9. Nokia Beacon 6, 10. Nokia Beacon G6, 11. Nokia FastMile 5G Gateway 3, 12. Nokia FastMile 4G Gateway
OpenMesh;OM2P/OM5P access points, CloudTrax gateways;OM2P/OM5P, CloudTrax gateway;1. OpenMesh OM2P, 2. OpenMesh OM2P-HS, 3. OpenMesh OM5P, 4. OpenMesh OM5P-AC, 5. OpenMesh OM5P-AN, 6. OpenMesh A40 Access Point, 7. OpenMesh A60 Access Point, 8. OpenMesh G200 Gateway Router
Optus / Telstra / Australian 5G CPE;Carrier-branded 5G Gateway, FWA units (manufactured by Nokia / Huawei / ZTE);Optus 5G Gateway, Telstra 5G Home Internet Device;1. Nokia FastMile 5G Gateway 3.1, 2. Nokia FastMile 5G Gateway 3.2, 3. Huawei 5G CPE Pro, 4. Huawei 5G CPE Pro 2 (H122-373), 5. ZTE MC801A 5G Indoor Router, 6. ZTE MC889 5G Outdoor CPE, 7. Arcadyan Telstra 5G Home Modem (LH1000), 8. NetComm (Casa Systems) 5G NR Fixed Wireless CPE (NDD-5G)
Pace;5268AC/5031NV gateways, DOCSIS/DSL CPE, IPTV STB;Pace <model>, Arris-Pace Gateway;1. Pace 5268AC, 2. Pace 5031NV, 3. Pace 4111N DSL Gateway, 4. Pace IPH8005 IPTV STB, 5. Pace IPN4320 IPTV STB
Peplink;Balance routers, MAX BR/MAX HD cellular routers, MAX Transit/Mobile series, Surf SOHO series, 5G BR/HD;Balance <model>, MAX BR/HD, Transit Duo, Surf SOHO, Peplink 5G router;1. Peplink Balance 20X, 2. Peplink Balance 310, 3. Peplink MAX BR1 Mini, 4. Peplink MAX HD2, 5. Peplink MAX Transit Duo, 6. Peplink MAX Mobile Router, 7. Peplink Surf SOHO MK3, 8. Peplink BR1 Pro 5G
Phicomm;H1/H2 routers, PON ONTs, 4G/5G CPE, mesh gateways;H1 / H2 <model>, Phicomm ONT, Phicomm 5G CPE;1. Phicomm H1, 2. Phicomm H2, 3. Phicomm K3 Router, 4. Phicomm FR9760 Router, 5. Phicomm FG102 4G CPE, 6. Phicomm FG2000 5G CPE, 7. Phicomm GPON ONT FWR-601
Plume;SuperPod tri-band mesh series, OpenSync-enabled CPE, HomePass gateways (OEM through ISPs);SuperPod <gen>, OpenSync CPE, Plume Mesh;1. Plume SuperPod Wi-Fi 6E, 2. Plume SuperPod Wi-Fi 6, 3. Plume PowerPod, 4. Plume HomePass Router (ISP OEM), 5. OpenSync-enabled Hitron CODA-5810, 6. OpenSync-enabled Sercomm SGS150
Qihoo 360;Mesh routers, smart CPE, smart home gateway (360 Router);“360 Router <model>”, “Smart Gateway 360”;1. 360 Router V6, 2. 360 Router 5 Pro, 3. 360 Router P4, 4. 360 Router G300, 5. 360 WiFi 6 Mesh Router M5, 6. 360 Whole-Home Mesh Router X30, 7. 360家庭防火墙5S (360 Family Firewall 5S), 8. 360儿童路由器3 (360 Kids Router 3), 9. 360安全路由V5S, 10. 360安全路由mini
Robustel;R3000/ R3010/ R1500 routers, R2000 series, EG industrial gateways, M1000 terminals, CloudEdge CPE kits;R3000/R3010, R1500, R2000/R2000LG, EG series, M1000;1. Robustel R3000, 2. Robustel R3010, 3. Robustel R1500, 4. Robustel R2000, 5. Robustel R2000 LG, 6. Robustel EG5100, 7. Robustel EG5120, 8. Robustel M1000 XP, 9. Robustel CloudEdge CPE Kit
Ruckus;R-series APs (R510/R550/R650/R750/R850), Unleashed AP acting as CPE, ICX switches;Rxxx Unleashed, Rxxx <variant>, ICX <model>;1. Ruckus R510, 2. Ruckus R550, 3. Ruckus R650, 4. Ruckus R750, 5. Ruckus R850, 6. Ruckus R550 Unleashed, 7. Ruckus R750 Unleashed, 8. Ruckus ICX 7150, 9. Ruckus ICX 7450
Sagemcom;F@ST broadband gateways (F@ST 3xxx/5xxx/6xxx/56xx/56xx), PON ONT/ONU series, 4G/5G CPE, Video Soundbox/STB series, F@ST 3xxx/4xxx/5xxx/6xxx gateways, CS/CX series, xPON ONTs (ONT2/ONT4/ONTSG), 4G/5G FWA (Sagemcom 5G Box), Wi-Fi 6/6E/7 models;“F@ST <model>”, “F-xxxxxx ISP SKU”, “Sagemcom 5G CPE”, “Video Soundbox”, “Sagemcom ONT/ONU”, “CS/CX series”, “ONT2/ONT4/ONTSG”, “Sagemcom 5G Box”, “Wi-Fi 6E/7 F@ST”;1. Sagemcom F@ST 5688W, 2. Sagemcom F@ST 5370, 3. Sagemcom F@ST 3890, 4. Sagemcom F@ST 5560, 5. Sagemcom F@ST 3896, 6. Sagemcom CS 50001, 7. Sagemcom CX 50010, 8. Sagemcom ONT2-R, 9. Sagemcom ONTSG-W, 10. Sagemcom 5G Box FWA45, 11. Sagemcom Wi‑Fi 6E F@ST 3897, 12. Sagemcom Video Soundbox
Sercomm;FG800/FG1000 5G CPE series, LTE CPE series, DOCSIS gateways, GPON/EPON ONT lines, STB platforms;“FG800/FG1000”, “Sercomm LTE CPE”, “DOCSIS gateway”, “GPON/EPON ONT”, “Sercomm STB”;1. Sercomm FG1000, 2. Sercomm FG800, 3. Sercomm LTE CPE L600, 4. Sercomm DOCSIS ES2251, 5. Sercomm DOCSIS ES3212, 6. Sercomm GPON ONT FG2000, 7. Sercomm EPON ONT EG300, 8. Sercomm STB IP815
Sierra Blue;CloudGate LTE/5G routers, industrial gateways;“CloudGate <model>”;1. CloudGate LTE M2M Gateway, 2. CloudGate Micro, 3. CloudGate 5G XR, 4. CloudGate IoT Router CG1120, 5. CloudGate Industrial Gateway CG2110
Sierra Wireless;AirLink LX/EX/GX/MP/ES series routers, XR 5G series (XR80/XR90), RV/RV50X LTE routers, FX routers & gateways;“AirLink <series>”, “XR80/XR90”, “RV/RV50X”, “FX30/FX40”;1. Sierra Wireless AirLink LX40, 2. Sierra Wireless AirLink LX60, 3. Sierra Wireless AirLink GX450, 4. Sierra Wireless AirLink MP70, 5. Sierra Wireless AirLink ES450, 6. Sierra Wireless XR80, 7. Sierra Wireless XR90, 8. Sierra Wireless RV50, 9. Sierra Wireless RV50X, 10. Sierra Wireless FX30, 11. Sierra Wireless FX40
Suttle / Positron Access;G.hn Access Multipliers (GAM), MDUs CPE, FTTdp units;“GAM-xxxx”, “Suttle G.hn CPE”, “FTTdp Unit <model>”;1. Positron GAM24-M, 2. Positron GAM12-M, 3. Positron G1001-M G.hn CPE, 4. Suttle G.hn Bridge Model 7001, 5. Positron FTTdp G1 DPU
T&W;GPON/EPON ONTs, Wi-Fi 5/6 home gateways, ISP-branded CPE;T&W ONT, G-EPON <model>, Wi-Fi6 OEM;1. T&W GEPON-ONU-1100, 2. T&W GPON ONT GONU-1200, 3. T&W Wi-Fi 6 Gateway TW6-AX1800, 4. T&W Wi-Fi 5 Router TW5-AC1200, 5. T&W OEM ONT GEPON-ONU-1GE
T-Mobile / US-Carrier Branded 5G CPE;5G Home Internet CPE branded “T-Mobile 5G Home Internet,” units by Nokia / Sagemcom / Askey;T-Mobile 5G Home CPE, T-Mobile 5G Gateway (Nokia/Sagemcom);1. Nokia 5G Gateway FGW-G4TK, 2. Nokia 5G Gateway 5G21-12W-A, 3. Sagemcom Fast 5688W, 4. Askey TMO-G4AR, 5. Arcadyan KVD21 (T-Mobile branded)
Technetix;DOCSIS gateways, cable modems, fiber ONTs, customer FWA CPE;DOCSIS GW-xxxx, Technetix ONT, Technetix FWA CPE;1. Technetix DOCSIS Gateway GW-2400, 2. Technetix DOCSIS Modem CM-1600, 3. Technetix Fiber ONT ONT-GPON-100, 4. Technetix FWA CPE FWA-200, 5. Technetix Fiber ONT ONT-EPON-300
Technicolor / Vantiva;Home Gateways (CGM/CGI/CGA series), DOCSIS gateways (TCxxxx / CGA/TG series), xPON ONTs (FG, FGX, GM series), 4G/5G FWA (WX/TWX series), Wi-Fi extenders (WE series), Android/Operator STB (UIW/USW/KM/KM9/KM7 etc.);TC<model>, CGA/CGM/CGI-xxxx, TG-xxxx, ONT FG/GM series, WX-5G/WX-4G, WE extenders, UIW/USW STB, KM7/KM9 Android STB;1. Technicolor CGA4236, 2. Technicolor CGM4981, 3. Technicolor TC4400 DOCSIS 3.1, 4. Vantiva TG789vac v2, 5. Vantiva GM240 ONT, 6. Vantiva WX5600 5G CPE, 7. Technicolor WE4300 Extender, 8. Technicolor UIW4001 STB
Televes;Fiber ONTs, coax home gateways, Wi-Fi 6 routers, optical network terminals;Televes ONT, NeXOS/GW, Wi-Fi6 Televes router;1. Televes ONT 769201, 2. Televes ONT 769221 XGS-PON, 3. Televes NeXOS Gateway 769301, 4. Televes Wi-Fi 6 Router 769411, 5. Televes Coax Gateway HES-540
Telrad Networks;BreezeCOMPACT LTE base + CPE, BreezeU-100/200 subscriber CPE, LTE UE CPE series;BreezeU, BreezeCOMPACT CPE, Telrad LTE CPE;1. Telrad BreezeCOMPACT 1000, 2. Telrad BreezeCOMPACT 3000, 3. Telrad BreezeU-100, 4. Telrad BreezeU-200, 5. Telrad CPE7000 LTE
Teltonika Networks;RUT industrial router series (RUT2xx/9xx/Xxx), RUTX series (RUTX08/X09/X10/X11), TRB gateways (TRB1xx), TCR 5G CPE, OTD outdoor units;RUT2xx/9xx, RUTX <model>, TRB1xx, TCR100/300, OTD outdoor CPE;1. Teltonika RUT240, 2. Teltonika RUT950, 3. Teltonika RUTX11, 4. Teltonika RUTX10, 5. Teltonika TRB140, 6. Teltonika TRB145, 7. Teltonika TCR100 5G CPE
Tenda;AC/AX Wi-Fi routers, Nova mesh MW series, 4G/5G CPE (4G06/5G03), extenders A/EX series, OEM Wi-Fi 6/6E/7 routers, 4G/5G gateway OEM, mesh hardware for ISPs;AX/AC <model>, Nova MW3/MW6/MW12, 4G06/4G09, 5G03, EX extenders, Tenda OEM <model>, 4G06-OEM, 5G-OEM, Tenda Mesh;1. Tenda AC10U, 2. Tenda AX1800 (RX3), 3. Tenda Nova MW6, 4. Tenda 4G06 LTE CPE, 5. Tenda 5G03 CPE, 6. Tenda A18 Extender, 7. Tenda OEM AX3000 Router
TOTOLINK;A series routers (Axxxx), N series routers (Nxxxx), X series Wi-Fi 6 routers, LTE/5G CPE, extenders EX series, A/N/X routers, EX extenders, ISP-custom AX gateways;Axxxx, Nxxxx, X-series, EX extender, TOTOLINK LTE/5G CPE, Axxxx/Nxxxx/Xxxxx, EX extenders, TOTOLINK OEM ISP;1. TOTOLINK A3002RU, 2. TOTOLINK A950RG, 3. TOTOLINK N600R, 4. TOTOLINK X5000R Wi-Fi 6, 5. TOTOLINK EX200 Extender, 6. TOTOLINK LR1200 LTE CPE
TP-Link;Archer AX/AXE/BE series, Archer C series, Archer MR (LTE/5G) series, Deco M/X/XE/X50-5G series, Omada ER gateway series, RE extenders, TL-WR legacy routers, Archer routers (AX/AC/Cxx series), Deco mesh (M/Mx/X series), OneMesh extenders, TL-MR LTE CPE, ER enterprise gateway series;Archer <model>, Archer AX/BE, MR LTE/5G CPE, Deco <model>, Deco 5G gateway, Omada ER, RE-xxxx extender, TL-WRxxxx, Archer AX/AC/Cx, Deco M/Mx/X, OneMesh extenders, TL-MRxxxx LTE, ER60x/ER7212;1. TP-Link Archer AX55, 2. TP-Link Archer BE800, 3. TP-Link Archer C80, 4. TP-Link MR600 LTE, 5. TP-Link Deco X60, 6. TP-Link Deco XE75, 7. TP-Link Deco X50-5G, 8. TP-Link RE715X Extender, 9. TP-Link TL-WR841N, 10. TP-Link Omada ER605
Ubee Interactive;EVW/ UBC / U10C DOCSIS gateways, GPON ONTs, Wi-Fi6 gateways, FWA, DVW/EDW DOCSIS gateways, U10C/U11C modems, UBC/UBG series EuroDOCSIS gateways, Wi-Fi gateway series;“EVW32xx”, “UBC13xx”, “U10C”, “Ubee ONT”, “Ubee FWA”, “DVW-xxxx”, “EDW-xxxx”, “U10C/U11C series”, “UBC/UBG-xxxx”, “Ubee Wi-Fi gateway”;1. Ubee EVW32C, 2. Ubee UBC1322, 3. Ubee U10C035, 4. Ubee DVW32CB, 5. Ubee EDW2028, 6. Ubee U11C022, 7. Ubee UBG100, 8. Ubee UBC1319, 9. Ubee U10C020, 10. Ubee UBC1308
Ubiquiti;UniFi Gateway series (UGW/UXG), UniFi Dream Machine (UDM/UDM-Pro/UDR), AirMax CPE (Loco/Rocket/NanoBeam/PowerBeam), LTU CPE, AmpliFi mesh series, UISP Wave CPE, UISP AirFiber CPE (AF series), UISP PowerBeam, UISP NanoBeam, UISP LBE, UISP CPE (Wave/AirFiber), PowerBeam/NanoBeam OEM ISP SKUs, customized ISP-labeled Wi-Fi routers;“UGW/UXG”, “UDM/UDM-Pro/UDR”, “NanoBeam/NBE”, “Loco/PowerBeam/PBE”, “LTU-Lite/LTU-Pro”, “AmpliFi <model>”, “Wave CPE”, “AF-5/AF-24/AF-60”, “PowerBeam/PBE”, “NanoBeam/NBE”, “LiteBeam/LBE”, “AF-xx”, “Wave-xx”, “PBE-xxx”, “NBE-xxx”, “ISP-Ubiquiti OEM”;1. Ubiquiti UDM-Pro, 2. Ubiquiti UDR, 3. Ubiquiti UXG-Lite, 4. Ubiquiti UGW, 5. Ubiquiti NanoBeam NBE‑5AC‑Gen2, 6. Ubiquiti Loco M5, 7. Ubiquiti PowerBeam PBE‑5AC‑500, 8. Ubiquiti LiteBeam LBE‑5AC‑Gen2, 9. Ubiquiti LTU-Lite, 10. Ubiquiti AmpliFi HD, 11. Ubiquiti AF‑5XHD, 12. Ubiquiti AF‑24, 13. Ubiquiti UISP Wave AP, 14. Ubiquiti UISP Wave Nano, 15. Ubiquiti NBE‑2AC‑13
Vantiva;DOCSIS: CGA/CGI/CGM/TG/TC series, xDSL: DGA/TDG series, Fiber/PON: FG, GM, GH, ION series ONT/ONU, 4G/5G FWA: WX/TWX/WW series, Wi-Fi extenders: WE/WMB series, Mesh: MESH-xx / Wi-Fi 6/6E/7 units, Video STB: UIW/USW/KM7/KM9/KM2xx, Sapphire, AgileTV;CGA/CGM/CGI/TG/TC-xxxx, FG/GM/GH ONT/ONU, WX/WMB/WX-4G/WX-5G, MESH-xxxxx, UIW/USW, KM7/KM9, Sapphire, AgileTV;1. Vantiva CGA4234, 2. Vantiva CGM4331, 3. Vantiva CGA2121, 4. Vantiva DGA2231, 5. Vantiva FG1000 ONT, 6. Vantiva GM2120 ONT, 7. Vantiva WX5600 5G FWA, 8. Vantiva TWX600 5G CPE, 9. Vantiva WE4200 Wi-Fi Extender, 10. Vantiva MESH-3000, 11. Vantiva UIW4001 STB, 12. Vantiva KM7 Android TV STB, 13. Vantiva KM9 Pro
Verizon OEM;ASK-NCQ1338 5G CPE (Askey), ASK-RTL series, ARC-XC ODU/IDU, FiOS G3100/G4100 (Hitron/Arcadyan OEM);ASK-NCQ1338, G3100/G4100, ARC-XC, 5G Home CPE;1. Verizon ASK-NCQ1338, 2. Verizon ASK-NCQ1339, 3. Verizon ARC-XC 5G ODU, 4. Verizon ARC-XC 5G IDU, 5. Verizon FiOS G3100, 6. Verizon FiOS G4100, 7. Askey ASK-RTL002
Vodacom / Vodafone;Branded FWA CPE (Nokia / Huawei / ZTE), Vodacom Home Internet;Vodacom 5G CPE, Vodafone Home Gateway;1. Nokia FastMile 5G Gateway 3.2, 2. Huawei 5G CPE Pro H112-372, 3. Huawei 5G CPE Pro 2 H122-373, 4. ZTE MC801A, 5. ZTE MC7010 ODU, 6. Vodafone Gigabox (Huawei H-500 series), 7. Vodafone 5G CPE Pro (Huawei H112-370)
WAVLINK;AC/AX routers, outdoor CPE (WAVLINK Aerial series), extenders (WL-WN/WL-WE);Aerial <model>, WL-WN/WL-WE extenders;1. WAVLINK WN570HA1, 2. WAVLINK WN572HG3, 3. WAVLINK WN575A3, 4. WAVLINK Aerial HD2, 5. WAVLINK Aerial X, 6. WAVLINK WN578A2, 7. WAVLINK WN579X3
Westermo;Merlin industrial LTE routers, Ibex/Orion wireless routers, Wolverine series;Merlin <model>, Ibex <model>, Orion <model>, Wolverine <model>;1. Westermo Merlin 4400, 2. Westermo Merlin 3450, 3. Westermo Ibex-RT-330, 4. Westermo Ibex-RT-370, 5. Westermo Orion-3G, 6. Westermo Wolverine DDW-142, 7. Westermo Wolverine DDW-226, 8. Westermo Wolverine DDW-242
YouHua / YOUHUA Tech;AC/AX routers, ONT/ONU OEM, home gateways;YOUHUA <model>, OEM ONT;"1. YOUHUA WR1200JS
ZTE;ZXHN home gateways (F6xx/H2xx series), MC/MU 4G/5G indoor CPE, MF 4G routers, F41xx/F62xx ONT series, B/V IPTV STB, MC801A/MC8020/MC888 5G CPE, MU500/MF289 LTE CPE, ZXHN F6xx/F8xx ONTs, F660/F680/F689/F870 series, FT8xx “Fiber Turbo” ONTs, ZXHN H series gateways;“ZXHN <series>”, “MC/MU 5G CPE”, “MF <model>”, “F41xx/F62xx ONT”, “ZTE B/V STB”, “MC801A/8020/888”, “MU500”, “MF289”, “F6xx/F8xx”, “F660/F680/F689”, “FT8xx”, “ZXHN Hxxx series”;1. ZTE MC801A 5G CPE, 2. ZTE MC8020 5G CPE, 3. ZTE MC888 5G CPE, 4. ZTE MU500 4G/5G hotspot CPE, 5. ZTE MF289 LTE CPE, 6. ZTE ZXHN F660 ONT, 7. ZTE ZXHN F680 ONT, 8. ZTE ZXHN F689 ONT, 9. ZTE ZXHN F870 ONT, 10. ZTE ZXHN H298A gateway, 11. ZTE ZXHN H267A gateway, 12. ZTE ZXHN F620 GPON ONT, 13. ZTE B760H IPTV STB, 14. ZTE ZXHN F866 “Fiber Turbo” ONT, 15. ZTE MF286 4G router
Zyxel;VMG/PMG/EX/NBG/AX series routers & gateways, NR 5G FWA series, LTE LTE-series CPE, GS-pon ONT/ONU, Multy mesh series;“VMG/PMG/EX”, “NBG/AX series”, “NR5101/Nxxxx 5G CPE”, “LTE <model>”, “Multy <model>”, “Zyxel ONT/ONU”;1. Zyxel VMG8825-T50K gateway, 2. Zyxel PMG5617GA ONT gateway, 3. Zyxel EX5401-B0 WiFi 6 router, 4. Zyxel NBG7510 router, 5. Zyxel AX7501 WiFi 6 router, 6. Zyxel NR5101 5G CPE, 7. Zyxel NR7101 outdoor 5G CPE, 8. Zyxel LTE7480-M804 outdoor LTE CPE, 9. Zyxel LTE3301-PLUS LTE router, 10. Zyxel GS-pon PMG3000-D20B ONT, 11. Zyxel Multy X mesh system, 12. Zyxel Multy M1 mesh system
